{"rewards": [1.0, 2.0, 1.0, 1.0, 3.0, 1.0, 1.0, 0.0, 2.0, 0.0, 0.0, 2.0, 0.0, 2.0, 0.0, 1.0, 0.0, 1.0, 0.0, 1.0, 2.0, 0.0, 0.0, 1.0, 0.0, 0.0, 6.0, 4.0, 2.0, 2.0, 1.0, 2.0, 0.0, 1.0, 2.0, 2.0, 0.0, 0.0, 2.0, 1.0, 0.0, 3.0, 0.0, 2.0, 1.0, 1.0, 2.0, 3.0, 0.0, 2.0, 0.0, 2.0, 3.0, 2.0, 1.0, 7.0, 1.0, 1.0, 1.0, 1.0, 0.0, 4.0, 4.0, 2.0, 1.0, 2.0, 2.0, 0.0, 1.0, 1.0, 3.0, 2.0, 1.0, 0.0, 2.0, 2.0, 1.0, 2.0, 2.0, 0.0, 1.0, 1.0, 0.0, 0.0, 1.0, 2.0, 0.0, 2.0, 0.0, 1.0, 0.0, 0.0, 1.0, 3.0, 1.0, 0.0, 2.0, 1.0, 2.0, 2.0, 1.0, 3.0, 0.0, 0.0, 1.0, 1.0, 3.0, 1.0, 0.0, 0.0, 4.0, 2.0, 6.0, 2.0, 4.0, 2.0, 3.0, 4.0, 2.0, 2.0, 2.0, 2.0, 2.0, 2.0, 2.0, 2.0, 2.0, 0.0, 2.0, 2.0, 2.0, 3.0, 2.0, 2.0, 1.0, 3.0, 5.0, 2.0, 2.0, 4.0, 1.0, 2.0, 3.0, 7.0, 1.0, 2.0, 6.0, 4.0, 2.0, 1.0, 5.0, 3.0, 4.0, 2.0, 2.0, 2.0, 3.0, 1.0, 2.0, 4.0, 5.0, 18.0, 2.0, 4.0, 3.0, 2.0, 2.0, 1.0, 0.0, 2.0, 5.0, 1.0, 1.0, 5.0, 5.0, 2.0, 3.0, 3.0, 8.0, 6.0, 2.0, 3.0, 3.0, 3.0, 1.0, 3.0, 7.0, 0.0, 5.0, 5.0, 6.0, 8.0, 3.0, 8.0, 0.0, 10.0, 1.0, 5.0, 6.0, 5.0, 3.0, 11.0, 5.0, 16.0, 4.0, 4.0, 17.0, 10.0, 6.0, 14.0, 9.0, 15.0, 3.0, 16.0, 12.0, 5.0, 14.0, 3.0, 4.0, 16.0, 11.0, 4.0, 5.0, 15.0, 13.0, 13.0, 8.0, 4.0, 11.0, 9.0, 4.0, 7.0, 9.0, 7.0, 5.0, 7.0, 10.0, 11.0, 13.0, 5.0, 6.0, 8.0, 5.0, 13.0, 8.0, 10.0, 11.0, 4.0, 2.0, 7.0, 7.0, 10.0, 4.0, 15.0, 16.0, 7.0, 16.0, 9.0, 9.0, 12.0, 10.0, 24.0, 14.0, 10.0, 3.0, 8.0, 8.0, 8.0, 10.0, 14.0, 13.0, 13.0, 16.0, 19.0, 13.0, 11.0, 13.0, 16.0, 17.0, 8.0, 12.0, 12.0, 11.0, 14.0, 21.0, 20.0, 21.0, 5.0, 8.0, 14.0, 22.0, 14.0, 12.0, 9.0, 21.0, 13.0, 11.0, 17.0, 6.0, 19.0], "losses": [0.0, 0.0, 0.0, 0.0004886809401373178, 0.0008773449252128891, 0.0017613077566667951, 0.001385521150196191, 0.0007172296692834748, 0.0010014327176736356, 0.0012541332681148495, 0.0004976650372579595, 0.0004967322931456506, 0.001758456669070559, 0.0013571880410318986, 0.0022634505702042776, 0.001371149404440075, 0.0018626340337396501, 0.0021471955448029967, 0.004157786426019257, 0.0045483215055213775, 0.006398540177122833, 0.010139926718994345, 0.007205305296035173, 0.00662242899987312, 0.007053709982419533, 0.007682018541094874, 0.010161439997835024, 0.01036996585429616, 0.013902627788834937, 0.016496770773249278, 0.01675498319844551, 0.01750949431103717, 0.02446269594811577, 0.028515895250776822, 0.028299162417118037, 0.028584442468969233, 0.02930154833448863, 0.03556994826975444, 0.038135039493248896, 0.04315942630559306, 0.04622898909297806, 0.04991477274564126, 0.04556617266733012, 0.045095428662736796, 0.049386334248403135, 0.0487783001149875, 0.04805802683309688, 0.0574764904504021, 0.05874714460545059, 0.06247512469315654, 0.06478288743851914, 0.08200077843189026, 0.08877255671692115, 0.07260534195170092, 0.0715080141305726, 0.0932758410112001, 0.09475739912449063, 0.1059518357958748, 0.09244200718144771, 0.11989444162381786, 0.11272533477952816, 0.10278658929955728, 0.1154571701321871, 0.11060992421020996, 0.11631065007649212, 0.11746071261162593, 0.12313656804355368, 0.11648785728378361, 0.14462591185641122, 0.1570405168393692, 0.1402653921943377, 0.13227182225425058, 0.15824316805955155, 0.13272342650493332, 0.15722505057434719, 0.1377392934433594, 0.16275253662506475, 0.17041488632559776, 0.1507251276290857, 0.1433543584102558, 0.1271894356419503, 0.15749365516082459, 0.14210051111876965, 0.15424006707811108, 0.15403399800340975, 0.12994802845138553, 0.1396428242454241, 0.14718892064255973, 0.1341101265926328, 0.1376245797455467, 0.12127881511779769, 0.13774605706933288, 0.11256656718980436, 0.13373343992901787, 0.12289575428284448, 0.09977785334257143, 0.11688687427480134, 0.10795816394966096, 0.10058799246021735, 0.0852509457715011, 0.11159580680783596, 0.10292167112797121, 0.0913885761951798, 0.10408560725086381, 0.09037563961296194, 0.08545774939573474, 0.09576491545577416, 0.08378155714554059, 0.07762754238480567, 0.07145797704522322, 0.089095220240894, 0.07735539068778356, 0.079368332962923, 0.08371975271660366, 0.07209596430562484, 0.0722510449796621, 0.07761399376767207, 0.07419115832886813, 0.08542918024761176, 0.06734954032455445, 0.06786488759844826, 0.06675630521909134, 0.07170674525747064, 0.07451616693288088, 0.06401337837489943, 0.07702136618746935, 0.07530587835104338, 0.06079064404040995, 0.05255239011839385, 0.05936951031007113, 0.049802360367219974, 0.04547317210988254, 0.04676557514758315, 0.04997513329872163, 0.04539709844470133, 0.052371293100214024, 0.047467072147335254, 0.04556849643859943, 0.04603397874817902, 0.04928330909639884, 0.03740351845606648, 0.058687157324995055, 0.04508925293106586, 0.03939400516295185, 0.0421469178252543, 0.03590940317984572, 0.041784290868755694, 0.03193541168496987, 0.030480355412388842, 0.03128935188511448, 0.026035941467289964, 0.03489267756387392, 0.026398401846152362, 0.023832041134655074, 0.02441836667369001, 0.021969591643040378, 0.018668360114233555, 0.025963252040694332, 0.02741243520332192, 0.018764559694458373, 0.021520155631357205, 0.01736627453292462, 0.019017990609618687, 0.02000166117020789, 0.018656335845922252, 0.015581192361423746, 0.017444863165568175, 0.01689341023253898, 0.017960593508582354, 0.016332796228257333, 0.017452822726313544, 0.01633971030777933, 0.015116120476377051, 0.016439251362856837, 0.016585374026114798, 0.013502393608389753, 0.015237937121511143, 0.01560568346161835, 0.01566458478575769, 0.0132756694531436, 0.012233278093749266, 0.010747152669875889, 0.011536797571624777, 0.011582442566812519, 0.012308783266668353, 0.010804590471689739, 0.010526238795715254, 0.009744808363029734, 0.009856727751142973, 0.010723369008452771, 0.010191958942771728, 0.011114833775073564, 0.013200933812186122, 0.014352292432049189, 0.014508720594558785, 0.01274398889666098, 0.0137474557069199, 0.014888283121143724, 0.01666835923030784, 0.013437178422823364, 0.01512509231680846, 0.015024908789345504, 0.014792322171273721, 0.013110593281715672, 0.015385373665130889, 0.0157387166443031, 0.01617350925331161, 0.019628643439468612, 0.01737315485874812, 0.020931066743408642, 0.023537088664439085, 0.02571649260416224, 0.02495149191343254, 0.027063951571681746, 0.02845369305513385, 0.02330100887905288, 0.028000736957650162, 0.026518233800552002, 0.0290605640171894, 0.027635878200412335, 0.02872161709113851, 0.030006182569389542, 0.03163035690151858, 0.028595470863261394, 0.03393035823801113, 0.02942372245785317, 0.03849089619923075, 0.036579851111109625, 0.03950393148437605, 0.03884280649372819, 0.041236797771577176, 0.04326826091564726, 0.042665323620345794, 0.04614790845478542, 0.06180580363218342, 0.06281274909269996, 0.05492443724877524, 0.05410569761569301, 0.06198059598364952, 0.05693122389277926, 0.061540207913699185, 0.05678206391534523, 0.06592071754283008, 0.057308187498487886, 0.0644549483091431, 0.04262459396058457, 0.04247432073512053, 0.05191496159501472, 0.05131147536384459, 0.04294859587214887, 0.05215544460413905, 0.05306703425249306, 0.05365817925899568, 0.0541786710916233, 0.050395776540294146, 0.051429203355172336, 0.045141891988654, 0.04171557943036239, 0.04184211319815582, 0.03441565530748171, 0.04186222589394622, 0.04118232515779758, 0.041285707777198165, 0.03594864564720632, 0.050179206679478804, 0.04743298230802312, 0.042810393183532615, 0.04610313399014278, 0.044164578510108736, 0.03621234946486571, 0.03674879583237736, 0.0362246999921242, 0.03911722083438487, 0.04510231256087425, 0.042579651528314964, 0.03777904104583009, 0.03057057137473249, 0.03543530322621738, 0.029789904477785074, 0.02803640509810066, 0.038488326539309364, 0.030025056404197337, 0.03270710647209651, 0.028311600373366597, 0.02836921992030716, 0.029994843740496435, 0.03203132296516466, 0.026112156040892984, 0.02983713247833619, 0.02969512282000793, 0.03140855494971654, 0.029506657145282028, 0.030739703651909766, 0.028189755172107388, 0.03227071731649874, 0.035892925664300926, 0.030883096729997884, 0.04251553862067963, 0.03662426480768274, 0.03312629892025143],