{"rewards": [0.0, 4.0, 1.0, 0.0, 0.0, 1.0, 1.0, 2.0, 0.0, 0.0, 0.0, 3.0, 0.0, 2.0, 3.0, 4.0, 0.0, 3.0, 1.0, 3.0, 0.0, 2.0, 0.0, 1.0, 2.0, 0.0, 1.0, 4.0, 2.0, 0.0, 2.0, 1.0, 0.0, 5.0, 3.0, 2.0, 0.0, 0.0, 3.0, 1.0, 2.0, 6.0, 2.0, 2.0, 2.0, 0.0, 0.0, 1.0, 1.0, 1.0, 3.0, 2.0, 1.0, 3.0, 2.0, 0.0, 4.0, 1.0, 1.0, 1.0, 2.0, 5.0, 2.0, 1.0, 1.0, 1.0, 2.0, 3.0, 8.0, 5.0, 3.0, 1.0, 2.0, 1.0, 3.0, 0.0, 0.0, 0.0, 2.0, 2.0, 1.0, 3.0, 1.0, 1.0, 6.0, 1.0, 4.0, 3.0, 0.0, 5.0, 3.0, 1.0, 3.0, 3.0, 3.0, 1.0, 1.0, 2.0, 4.0, 5.0, 9.0, 3.0, 1.0, 4.0, 2.0, 1.0, 2.0, 5.0, 1.0, 2.0, 3.0, 0.0, 5.0, 4.0, 7.0, 2.0, 4.0, 5.0, 3.0, 2.0, 4.0, 7.0, 5.0, 3.0, 6.0, 3.0, 6.0, 3.0, 5.0, 4.0, 4.0, 6.0, 5.0, 5.0, 8.0, 8.0, 4.0, 4.0, 5.0, 4.0, 4.0, 5.0, 9.0, 4.0, 5.0, 5.0, 4.0, 7.0, 5.0, 3.0, 7.0, 3.0, 9.0, 6.0, 4.0, 5.0, 7.0, 4.0, 5.0, 10.0, 7.0, 16.0, 16.0, 7.0, 6.0, 6.0, 8.0, 16.0, 9.0, 5.0, 7.0, 10.0, 5.0, 12.0, 10.0, 8.0, 7.0, 6.0, 5.0, 6.0, 5.0, 6.0, 8.0, 3.0, 5.0, 7.0, 7.0, 8.0, 2.0, 7.0, 6.0, 9.0, 17.0, 9.0, 3.0, 10.0, 8.0, 8.0, 6.0, 14.0, 13.0, 9.0, 14.0, 9.0, 10.0, 5.0, 8.0, 9.0, 6.0, 6.0, 11.0, 9.0, 7.0, 7.0, 10.0, 9.0, 9.0, 5.0, 9.0, 10.0, 8.0, 7.0, 9.0, 13.0, 19.0, 9.0, 15.0, 10.0, 9.0, 9.0, 9.0, 5.0, 8.0, 7.0, 9.0, 10.0, 9.0, 8.0, 16.0, 14.0, 6.0, 17.0, 10.0, 16.0, 15.0, 16.0, 8.0, 9.0, 18.0, 9.0, 17.0, 7.0, 7.0, 6.0, 14.0, 7.0, 7.0, 16.0, 8.0, 7.0, 9.0, 16.0, 19.0, 20.0, 16.0, 12.0, 5.0, 5.0, 15.0, 12.0, 13.0, 14.0, 16.0, 8.0, 11.0, 13.0, 14.0, 18.0, 13.0, 19.0, 21.0, 15.0, 19.0, 17.0, 21.0, 10.0, 19.0, 15.0, 18.0, 28.0, 5.0, 6.0, 7.0, 17.0, 7.0, 15.0, 15.0, 5.0, 15.0, 20.0], "losses": [0.0, 0.0, 0.0, 0.0018135352082835096, 0.0009961342163265486, 0.001072653458163757, 0.001280743709470256, 0.0005937508578445592, 0.0006554185359657917, 0.0011899234593619294, 0.0005985165788110357, 0.0008276084631937895, 0.0006461738337545992, 0.000611701680501536, 0.0006345283472026293, 0.0020340539903883877, 0.0018054913075078124, 0.001011154687009488, 0.0015941631005763814, 0.0016136738772893954, 0.0015274522761400376, 0.0026614404832562524, 0.0028768067206151053, 0.0024744578260882484, 0.0028022824462952344, 0.002838244332744287, 0.0027693566563505366, 0.003969794010010767, 0.004924479412577496, 0.004318809272928177, 0.004177129524908248, 0.004008003988669121, 0.0032949831866507804, 0.004403453790231404, 0.004282907315349903, 0.00461451575565852, 0.004293443712576715, 0.003980425182739867, 0.0038905043795833135, 0.0037746905443342966, 0.004082384071949349, 0.004877224425638958, 0.004927272945565994, 0.004899951453185885, 0.003901730104547551, 0.004982822043530177, 0.004722700906784893, 0.004576270106398234, 0.006385738806638452, 0.005445595785229122, 0.006100781621889358, 0.005594873392982478, 0.0061925201259631045, 0.0051641771571713695, 0.0049818495406370915, 0.004549384368121201, 0.004231032771175528, 0.0048495629211251536, 0.003094093665271576, 0.003637177194907228, 0.00310166560462676, 0.0028740473416892075, 0.003330517951156207, 0.003250505362605812, 0.004288233509598772, 0.0029170297850586173, 0.0031664025300415233, 0.0031418807867221008, 0.0030050719721284773, 0.002605479034161746, 0.003409385825552118, 0.00299251025788473, 0.0018525573640444134, 0.0031989677818467285, 0.003242643866711142, 0.003336341285426493, 0.002474093370560084, 0.0023530352159837464, 0.002294842696477038, 0.0026000573918281587, 0.0028366096643093106, 0.002599870943154412, 0.0020344182376505504, 0.002478393508170808, 0.002109297876174694, 0.0022772230209571354, 0.001994806461379994, 0.002225485945659817, 0.002124035233096715, 0.0021351976677597244, 0.002420941097538261, 0.0025549269838458194, 0.002292702524654386, 0.0031598139863511635, 0.00279561845275263, 0.0033780308949142887, 0.004323395896042787, 0.004181681134664983, 0.0037982959949658833, 0.00461247650490442, 0.004610453200273281, 0.0044695422965374005, 0.004481209028484439, 0.0049257911817187925, 0.0049136818806212, 0.004279228150595112, 0.005044580684420587, 0.004405084645397784, 0.005504610458773329, 0.004513222562789094, 0.004430890064679439, 0.005207293330187005, 0.003613236821811309, 0.004182444008937631, 0.004109918570060547, 0.004704542575322472, 0.003967716954772964, 0.003341947623569328, 0.004120621970553651, 0.0037569246489569663, 0.003810052752336548, 0.003702347766175437, 0.0034556922228309774, 0.003983669979042577, 0.004220264672767371, 0.003977457723281168, 0.005034373436823209, 0.004815640647676681, 0.00539398029803034, 0.005945927385430507, 0.005271799187501567, 0.004974549733806671, 0.004519515813501808, 0.00534192776277421, 0.006001132050968549, 0.005444717614106291, 0.005583070649299771, 0.005397143056421, 0.0060073230831351665, 0.006260376620394666, 0.005773154271365558, 0.0061303621083712454, 0.006033941020124236, 0.006022671139961156, 0.005644846609670249, 0.0061924598675133285, 0.007312668443773873, 0.0063138299772074425, 0.005701948053930759, 0.006443439122736699, 0.005671214109334426, 0.004444378897869984, 0.005224772619161134, 0.006548717069709974, 0.00608902313719818, 0.006067236642489868, 0.0054496200717685205, 0.005167507237977594, 0.00600123839705096, 0.006847535238422618, 0.00666260197244633, 0.006557131026056595, 0.00706146338691368, 0.007196586666576657, 0.008474623640815653, 0.007670416431397033, 0.00766817147700034, 0.007474881214265888, 0.009338147466911412, 0.008029093755529957, 0.006096282889185927, 0.00757442846863895, 0.0074336533698944685, 0.00724295133841224, 0.006464241218397065, 0.006472397088341845, 0.006474310239994068, 0.008093376053814182, 0.006082300368845242, 0.007153212534467457, 0.007014409214598392, 0.006768669400947674, 0.005812904402399946, 0.0054338015498687255, 0.006765507615046522, 0.0055335509811674745, 0.006465905930815983, 0.006439559748097457, 0.005546203052769047, 0.005839774270918077, 0.006005510425340986, 0.005696344787547541, 0.005669552485143984, 0.005405260019220545, 0.005741264291773766, 0.005987312236666372, 0.005717425627550967, 0.006360943519245208, 0.006499137652073322, 0.006002170368021474, 0.006575947071745082, 0.006970937015960015, 0.007504652552928415, 0.00781874850858003, 0.007405553362897407, 0.007537410081931739, 0.007638727514019523, 0.0073411307417942835, 0.007456612603844863, 0.00736701025177011, 0.008340250484011394, 0.00924146268516779, 0.008897931412398035, 0.008605120592143007, 0.008778110404205874, 0.007443758047680807, 0.008134255202462764, 0.008687067652443568, 0.00782773426733911, 0.007361418378422968, 0.0070875335343020115, 0.008151006523464153, 0.008513383050599406, 0.008908719831826882, 0.008616645116726513, 0.007205748567927173, 0.008575797746863708, 0.010737772804028321, 0.009110388768307281, 0.008948229802228565, 0.009482536371948512, 0.008504455829152966, 0.007838041806781246, 0.008142975277282418, 0.008136359770824901, 0.007180876369616515, 0.008851709985095045, 0.007475028484986978, 0.008153420715407566, 0.008468732263246388, 0.006848906187718418, 0.006950195437821094, 0.00676513042249373, 0.00824668590644476, 0.007615529062643059, 0.008615860286595788, 0.007984077809362666, 0.008924399534016032, 0.009069439699357775, 0.007634747628068288, 0.008522542551380073, 0.008296911944532493, 0.008096307278043615, 0.008219065798638278, 0.00916190782445483, 0.009173219695499857, 0.01018199642551028, 0.008097929467415573, 0.00773291560092374, 0.007793423634145902, 0.007491285023702817, 0.007580381575683804, 0.007823207745563285, 0.008589758659390049, 0.007272253886012116, 0.007264073972646428, 0.008571281679905951, 0.009314167061044524, 0.007661871977014404, 0.009191554804791516, 0.007688764998377228, 0.008665961633676535, 0.00843110722640929, 0.00815151559590834, 0.008317914041881896, 0.008979374564135178, 0.01014793360595564, 0.010149514669155979, 0.010161389787552051, 0.008766669039906944, 0.009717135440584177, 0.00897096771046618, 0.00924859298920294, 0.008660080685513095, 0.008816136927223097, 0.00998040196375372, 0.009029237046928668, 0.009182049785431948, 0.008643130589388415, 0.008935213989129156, 0.010354554150112424, 0.011183555775561318, 