{"rewards": [0.0, 0.0, 1.0, 2.0, 0.0, 0.0, 1.0, 0.0, 1.0, 0.0, 0.0, 0.0, 0.0, 0.0, 1.0, 0.0, 0.0, 0.0, 0.0, 0.0, 0.0, 1.0, 2.0, 0.0, 0.0, 2.0, 0.0, 1.0, 1.0, 0.0, 0.0, 0.0, 0.0, 1.0, 0.0, 5.0, 1.0, 0.0, 2.0, 0.0, 2.0, 1.0, 3.0, 4.0, 0.0, 0.0, 0.0, 0.0, 3.0, 0.0, 0.0, 3.0, 0.0, 2.0, 1.0, 0.0, 0.0, 0.0, 5.0, 1.0, 2.0, 1.0, 2.0, 2.0, 2.0, 0.0, 1.0, 0.0, 0.0, 3.0, 4.0, 1.0, 0.0, 2.0, 3.0, 0.0, 4.0, 2.0, 0.0, 0.0, 1.0, 2.0, 2.0, 0.0, 0.0, 2.0, 0.0, 2.0, 4.0, 1.0, 0.0, 2.0, 2.0, 2.0, 0.0, 2.0, 2.0, 3.0, 2.0, 5.0, 2.0, 2.0, 1.0, 3.0, 2.0, 0.0, 0.0, 0.0, 2.0, 3.0, 2.0, 2.0, 1.0, 3.0, 4.0, 4.0, 2.0, 2.0, 4.0, 3.0, 3.0, 2.0, 2.0, 2.0, 3.0, 0.0, 3.0, 2.0, 2.0, 2.0, 0.0, 0.0, 2.0, 0.0, 4.0, 0.0, 2.0, 2.0, 1.0, 4.0, 2.0, 2.0, 0.0, 0.0, 0.0, 3.0, 1.0, 1.0, 1.0, 2.0, 2.0, 3.0, 2.0, 1.0, 2.0, 2.0, 4.0, 5.0, 2.0, 1.0, 3.0, 5.0, 3.0, 4.0, 1.0, 3.0, 1.0, 3.0, 4.0, 2.0, 0.0, 2.0, 1.0, 5.0, 5.0, 3.0, 0.0, 1.0, 0.0, 1.0, 2.0, 2.0, 1.0, 0.0, 5.0, 2.0, 0.0, 3.0, 7.0, 4.0, 4.0, 4.0, 5.0, 3.0, 2.0, 1.0, 2.0, 3.0, 2.0, 3.0, 2.0, 1.0, 2.0, 2.0, 3.0, 3.0, 6.0, 3.0, 3.0, 2.0, 4.0, 3.0, 4.0, 2.0, 2.0, 4.0, 3.0, 0.0, 2.0, 1.0, 4.0, 4.0, 2.0, 5.0, 3.0, 1.0, 1.0, 2.0, 2.0, 6.0, 3.0, 2.0, 2.0, 5.0, 3.0, 4.0, 4.0, 6.0, 3.0, 3.0, 4.0, 3.0, 6.0, 3.0, 2.0, 3.0, 2.0, 3.0, 4.0, 0.0, 10.0, 2.0, 4.0, 3.0, 3.0, 4.0, 3.0, 2.0, 5.0, 3.0, 3.0, 4.0, 3.0, 6.0, 3.0, 9.0, 3.0, 3.0, 4.0, 3.0, 4.0, 4.0, 3.0, 4.0, 6.0, 4.0, 2.0, 2.0, 2.0, 5.0, 4.0, 6.0, 3.0, 2.0, 3.0, 3.0, 3.0, 4.0, 4.0, 8.0, 9.0, 1.0, 2.0, 3.0, 6.0, 5.0, 14.0, 5.0, 12.0, 3.0], "losses": [0.0, 0.0, 0.0, 0.0007504381505978844, 0.00033878528623713494, 0.00022979348773333186, 0.0006723230302349082, 0.0005845559390874153, 0.0008023863325830617, 0.0008038961425281091, 0.0004751581540151367, 0.0002460805790995572, 0.00013063931448784757, 0.0001283392785246128, 0.0001316458222077174, 0.00013725331826653207, 0.0004733773863680936, 0.00030322755417893694, 0.0008967050524755477, 0.0005512708722051644, 0.0005537283228831155, 0.000991398929039172, 0.0008553218920629384, 0.0013832811235531947, 0.0017245416334817627, 0.002668884854647331, 0.003644884835450974, 0.005192607010495475, 0.005663525323174766, 0.00594216894233783, 0.006653984555776012, 0.006943823505507145, 0.007043308981475561, 0.010098437630707243, 0.00985026839438058, 0.011314659849771817, 0.014505446159524754, 0.016851858790171568, 0.020359900474431925, 0.025638647520248473, 0.02458729599092207, 0.032969780859524664, 0.03438490160740912, 0.037797296725040834, 0.04287498926913196, 0.04150717988993753, 0.04797771282192372, 0.048904253988929676, 0.05263243197469703, 0.06326997880021046, 0.06934799564153175, 0.07791189738101774, 0.11291566299540656, 0.10574850286072006, 0.10963212608845091, 0.11399638477855155, 0.13466431509882007, 0.12882890580292033, 0.13429008657323424, 0.14396752525285325, 0.12816795497511824, 0.12331713535564227, 0.15454154682357785, 0.11754842562408283, 0.12858602844795092, 0.11745366636310181, 0.13364887866519495, 0.13084118405991382, 0.11103938994453336, 0.12800442424010147, 0.12424864646357794, 0.13958826800123514, 0.11660454381572109, 0.13341674693704894, 0.1276913042726188, 0.1280130009039593, 0.12288624575264709, 0.1282011589985466, 0.12600498517443026, 0.14427311125323705, 0.137462478621888, 0.14851535241662836, 0.13655647502901652, 0.13441250625007845, 0.13470791007208377, 0.1336212874550545, 0.13519590082546684, 0.11851770489588909, 0.12360461804294778, 0.13116912047282375, 0.13402865771270284, 0.13474724802200672, 0.1467991182867151, 0.12226145509167673, 0.11904197498052209, 0.1012297744204948, 0.10878787963919662, 0.1270164245207395, 0.1494954535798905, 0.1381130125811136, 0.17173113967893885, 0.15500827472553486, 0.14763571639624676, 0.1647514174351605, 0.17302222655933797, 0.18979760655201972, 0.18419122980148703, 0.13760826679968968, 0.14145299983050288, 0.13992667212561868, 0.12507625514313392, 0.15022415101864478, 0.14459129011741392, 0.14419538865825443, 0.1545303038955649, 0.14046227547482382, 0.1312350142354361, 0.13045251060792673, 0.14011268023930398, 0.1325022882053581, 0.14479000389190583, 0.12915746718257046, 0.11983618133611255, 0.13126907125748946, 0.13998079556984375, 0.12857821428304095, 0.1371402204515309, 0.13142909167153347, 0.10867948296359506, 0.14232672132239058, 0.13525290243273627, 0.14956746106459337, 0.12043630768512857, 0.1436758687399995, 0.14422859766908128, 0.12350560550286031, 0.12890268139990754, 0.1302265412258831, 0.1466485817116629, 0.11346972106767246, 0.11621426549683882, 0.14025948666191349, 0.12613841431977396, 0.11447649710212968, 0.12148103362498738, 0.1512465407932494, 0.13294081603916846, 0.12132235679524482, 0.12868988366943657, 0.14035698598607965, 0.11111217763351455, 0.13226797231350487, 0.12296724391357282, 0.12144317348408971, 0.144943612665188, 0.10434173283358224, 0.13578828665059667, 0.09648320983228444, 0.10992903947751496, 0.10914055798474671, 0.11576190218922629, 0.11378329952037142, 0.1085783889758642, 0.0984503350717326, 0.10638445019351923, 0.11603889309895472, 0.10163073086490233, 0.11285151238553226, 0.09110094017841606, 0.09277408352630923, 0.09620945222882761, 0.08674135585673727, 0.07389930693719249, 0.09085918212489735, 0.07426859645082294, 0.07974178968928754, 0.06595939018313779, 0.07199509905364651, 0.05347564678126271, 0.07061128092672282, 0.07877353164434865, 0.07520110739925359, 0.0625615114501367, 0.07275244282742202, 0.0681265091807944, 0.06054030144646479, 0.06868712082301287, 0.07443870222384764, 0.07522365636572506, 0.07052663389948152, 0.07126288116599122, 0.08104457466125295, 0.06982099597201977, 0.08296880706423714, 0.07741043200295368, 0.07541874890000774, 0.07577555166505329, 0.07353452694318864, 0.07206254280486539, 0.0789749945962815, 0.07382103054028383, 0.08791849081619428, 0.06747309750606936, 0.07932891714487486, 0.07769331750243383, 0.08519334436983929, 0.08904495869452754, 0.10675495086128221, 0.07733447186035823, 0.07969923627667672, 0.08620147714636435, 0.08184221983476953, 0.08051378882260292, 0.0863830807665698, 0.09180432166787064, 0.0630149910083184, 0.0810352133203517, 0.0797462361338346, 0.07363892998546362, 0.07907495208418192, 0.07241404387522253, 0.06471045885923182, 0.06587472152423815, 0.06956108882213416, 0.05014782621816711, 0.06479753929547462, 0.055199578555274596, 0.06480415389584056, 0.06881206431123014, 0.062325133756126486, 0.06210837314740337, 0.07273033642203366, 0.054401482574100934, 0.06894193878052411, 0.06294968052231388, 0.06000312005857095, 0.059134387600141156, 0.06623425504213638, 0.06357955700638364, 0.058742213751162016, 0.056885267759056446, 0.053963314272814256, 0.050180666676828724, 0.05759819864018008, 0.058896839369455695, 0.05070962118723336, 0.04555122148245573, 0.04186492495624939, 0.044825090281995585, 0.04675304443448139, 0.045553550860673496, 0.040981863817987255, 0.04126245664696939, 0.040661337237399654, 0.04699068082596308, 0.041836992980568935, 0.036894883899140855, 0.04002091292827542, 0.04242816891359246, 0.03790970554416019, 0.0401781822627702, 0.03921311124945166, 0.0374990922455309, 0.03872087785868712, 0.03090293399759798, 0.03562796020981025, 0.03805805276823486, 0.03811718053619408, 0.03631873290728906, 0.03820712767752274, 0.03826802487366766, 0.03072373026559673, 0.04085970660181422, 0.041715130107895876, 0.0422283701356972, 0.034481050122168753, 0.0349485983001673, 0.035194414558043334, 0.03171413247939199, 0.032588330244688296, 0.032758492957906456, 0.03182862874154756, 0.03514612889848649, 0.03712890635895198, 0.03385130143336331, 0.03692577318508631, 0.027148397211879914, 0.027261456529615643, 0.041816860359240246, 0.03467579044391877, 0.031851884663642555, 0.03618757853594919, 0.0299027976944257, 0.03230174809283057, 0.030068191922500088, 0.02983829878403672, 0.03604887484166867, 0.030417848346875078, 0.02947067460232419, 0.03373811172333534],