{"rewards": [0.0, 1.0, 0.0, 0.0, 2.0, 0.0, 0.0, 1.0, 0.0, 2.0, 1.0, 2.0, 2.0, 3.0, 6.0, 0.0, 0.0, 1.0, 0.0, 2.0, 0.0, 0.0, 2.0, 0.0, 2.0, 0.0, 2.0, 0.0, 1.0, 2.0, 2.0, 0.0, 5.0, 1.0, 1.0, 1.0, 1.0, 1.0, 2.0, 0.0, 4.0, 0.0, 2.0, 0.0, 0.0, 2.0, 2.0, 2.0, 0.0, 0.0, 0.0, 0.0, 3.0, 2.0, 0.0, 4.0, 0.0, 2.0, 3.0, 3.0, 0.0, 0.0, 2.0, 1.0, 2.0, 1.0, 0.0, 1.0, 0.0, 0.0, 1.0, 0.0, 0.0, 0.0, 0.0, 0.0, 0.0, 0.0, 2.0, 0.0, 1.0, 1.0, 0.0, 0.0, 0.0, 0.0, 2.0, 0.0, 5.0, 0.0, 0.0, 0.0, 0.0, 1.0, 2.0, 0.0, 0.0, 3.0, 1.0, 0.0, 4.0, 2.0, 1.0, 2.0, 1.0, 1.0, 0.0, 0.0, 4.0, 3.0, 2.0, 3.0, 1.0, 1.0, 2.0, 2.0, 1.0, 0.0, 2.0, 3.0, 6.0, 6.0, 1.0, 2.0, 4.0, 1.0, 1.0, 3.0, 2.0, 0.0, 1.0, 3.0, 1.0, 3.0, 0.0, 2.0, 0.0, 2.0, 6.0, 0.0, 2.0, 2.0, 3.0, 2.0, 2.0, 2.0, 1.0, 0.0, 1.0, 2.0, 0.0, 3.0, 0.0, 2.0, 4.0, 3.0, 3.0, 7.0, 2.0, 1.0, 3.0, 2.0, 4.0, 3.0, 2.0, 2.0, 1.0, 3.0, 7.0, 0.0, 1.0, 4.0, 0.0, 1.0, 2.0, 3.0, 2.0, 3.0, 2.0, 2.0, 2.0, 4.0, 1.0, 2.0, 7.0, 1.0, 3.0, 6.0, 1.0, 0.0, 2.0, 0.0, 4.0, 1.0, 3.0, 5.0, 2.0, 0.0, 2.0, 5.0, 2.0, 4.0, 2.0, 0.0, 0.0, 0.0, 3.0, 1.0, 6.0, 4.0, 0.0, 3.0, 3.0, 1.0, 8.0, 2.0, 1.0, 4.0, 3.0, 3.0, 0.0, 1.0, 2.0, 2.0, 2.0, 2.0, 2.0, 2.0, 2.0, 5.0, 4.0, 3.0, 2.0, 2.0, 2.0, 1.0, 2.0, 4.0, 3.0, 2.0, 2.0, 2.0, 6.0, 1.0, 5.0, 5.0, 0.0, 3.0, 1.0, 0.0, 2.0, 6.0, 3.0, 2.0, 1.0, 3.0, 2.0, 2.0, 3.0, 2.0, 1.0, 4.0, 5.0, 5.0, 2.0, 2.0, 3.0, 3.0, 2.0, 5.0, 4.0, 1.0, 0.0, 1.0, 2.0, 1.0, 3.0, 5.0, 5.0, 3.0, 6.0, 1.0, 0.0, 1.0, 3.0, 6.0, 4.0, 1.0, 1.0, 0.0, 5.0, 2.0, 2.0, 3.0, 2.0, 0.0, 1.0, 4.0, 0.0, 2.0], "losses": [0.0, 0.0, 0.0, 0.00018847785804609885, 0.0007641508369113795, 0.00023469784331592544, 2.4588852427640135e-06, 0.00011149210793474092, 0.0006726475163369316, 0.0007958007251922544, 2.8452292677449975e-06, 0.000702378617499101, 0.000312790316834522, 0.000813434069818181, 0.0008609915998046604, 0.0014104222312741623, 0.0014701829947831608, 0.000915934824206488, 0.0017351965765479767, 0.000932691034469032, 0.0017523469235697267, 0.003074362117698093, 0.0029305377442165968, 0.005207113252685371, 0.005356738711592463, 0.00827966522661933, 0.008646232944125873, 0.008787000241581053, 0.009265418157156091, 0.009626606096950525, 0.010432417591594504, 0.00888479013027784, 0.008430751326072607, 0.010861049278417823, 0.011373172754147537, 0.013943621801226436, 0.01401754447885243, 0.01400310997407706, 0.015707215284423745, 0.015761324571859504, 0.01631543110124767, 0.015139455023953426, 0.01613045767184068, 0.01987931277589794, 0.01998606959371258, 0.018390703173920612, 0.016049413866130634, 0.02248606396300705, 0.017194826693998442, 0.01998671966173467, 0.018958239135547325, 0.01679234630493382, 0.017295148675141203, 0.022815198645920312, 0.024556082848418693, 0.01934544893935278, 0.025699367017849632, 0.028394834547801766, 0.03082869090393287, 0.0328631303355124, 0.035997211375002953, 0.03901491698005871, 0.04230167284800575, 0.04352716109814479, 0.03788324062503418, 0.04028176811427392, 0.04719986632659004, 0.049761186704747905, 0.04382719605474185, 0.05802497750199917, 0.04587550454055639, 0.04956209256828941, 0.048662076757193126, 0.04720338055415562, 0.049963191083139354, 0.047553644644747144, 0.03513157476583938, 0.048152019304515264, 0.03704919126660874, 0.04231784029466593, 0.04643462778681971, 0.030196648438532765, 0.03341356961755082, 0.043896782021616065, 0.030259342551543996, 0.0367074188426287, 0.03320211990784597, 0.02986946234332143, 0.03016124087866516, 0.032219774435697034, 0.027277491213593248, 0.02728846892748244, 0.026587863495665873, 0.02585438863418342, 0.02122169070424059, 0.0216096474002276, 0.029523117025892665, 0.0203147143804747, 0.017436553550675055, 0.027523713518166914, 0.026597607702691883, 0.02187176764709875, 0.016257353177253932, 0.02389143509699588, 0.01867663751275902, 0.020806557599230315, 0.018274874534464622, 0.01894217971629197, 0.01814237062193068, 0.01680509814941143, 0.0220394410314166, 0.02435293088768585, 0.021718112207476943, 0.025251333074929723, 0.03072468505321157, 0.02566661614811239, 0.02795027893347045, 0.03256079599332924, 0.03208071627931399, 0.03516585488803685, 0.04091520400195405, 0.04947857610354929, 0.044369946905028296, 0.06532035143866849, 0.06479553639402856, 0.07387990316072869, 0.07931098132736653, 0.07510471423034017, 0.06707683918126023, 0.08485958518178986, 0.0715853236337651, 0.07217438485105934, 0.07012239391150982, 0.046833976918843966, 0.0479838611420106, 0.05458652139075, 0.05355367819937144, 0.06104190404676683, 0.04729088466673931, 0.04935315895460911, 0.040072352245030265, 0.037377078222085865, 0.046507607435820345, 0.03791491577175219, 0.041789234314166326, 0.04006728792696127, 0.036585293864381724, 0.032070565190432325, 0.03416920134091172, 0.033791587616886117, 0.037550282130956, 0.031213527681011197, 0.0348265510648757, 0.040908183934669454, 0.041458243844240454, 0.04627143071999975, 0.03995683182643464, 0.03856089021758856, 0.05272187968449933, 0.04713763015940278, 0.05051402393228456, 0.058702606046394365, 0.05739674246143227, 0.06328245146843277, 0.05843127853181583, 0.05635231241284238, 0.0645852663732861, 0.057210249777446376, 0.06501141581022497, 0.06315532814644809, 0.07076488399345959, 0.07300629724359399, 0.0761272513307631, 0.0732021229899108, 0.07951654548813032, 0.07425101713758278, 0.07437399122251295, 0.08391397477052412, 0.0738243020282915, 0.08254354138949162, 0.06198292242052655, 0.06544054361388275, 0.06718751612040673, 0.0728344774901353, 0.07318934228236752, 0.06727978169367137, 0.07239908174532213, 0.06448975465479281, 0.07766628245202203, 0.07135688316980925, 0.08889632345470663, 0.08767328690037243, 0.08657717295237724, 0.07996017930408318, 0.08013003870871836, 0.08008080949420454, 0.08320653518970064, 0.08656050246079555, 0.056880555265651854, 0.08249780653558414, 0.06670252761591368, 0.0674478903097371, 0.07543833286442853, 0.06865667862409394, 0.07034146919613704, 0.0599049052722486, 0.060175646525801076, 0.05966717632262842, 0.05897036176287087, 0.0598742341195854, 0.05797804081008481, 0.05662627569452096, 0.06733357356224927, 0.07131765727013445, 0.0641515337929919, 0.08005721782478438, 0.07128468843554889, 0.06809548508273038, 0.06549636144455231, 0.06335946696823182, 0.06514451454699755, 0.06864213913407487, 0.0666960026672412, 0.08186453057156093, 0.08005582334572924, 0.06903545364931032, 0.07406832236744515, 0.07132134110563332, 0.06074708254686491, 0.059754995314468595, 0.05578405984564667, 0.06801346473725914, 0.0645774161367088, 0.0615103159600324, 0.07132508003080336, 0.07657919938162881, 0.06647690896234298, 0.07994580508722304, 0.07283931717637085, 0.058581863024752906, 0.06985785565275239, 0.06132676275320301, 0.06165395061215086, 0.06286961654270137, 0.06038546314245308, 0.05308064612009647, 0.0569995032405875, 0.05960472114384174, 0.05265413941750368, 0.062436545571036846, 0.06459276093359011, 0.06777866505342357, 0.061544172102585434, 0.06347523590910338, 0.07307060678916362, 0.05460133927642999, 0.06170615251968, 0.061645150757996606, 0.059169251319581, 0.05006610918921274, 0.05053877905239123, 0.04289295292406712, 0.07178226039291193, 0.06904075907232861, 0.06579558020328274, 0.06938005662372997, 0.060772111817662205, 0.0717686958766232, 0.06600059381237737, 0.0703136531781638, 0.07005495152487937, 0.08490977069477038, 0.08644538104826056, 0.06573340382791408, 0.0661837304636401, 0.07170296254535688, 0.07411822307297364, 0.061511897965648224, 0.06863943972673855, 0.06220054346773349, 0.06925226361340572, 0.0540487185637984, 0.0487876630465227, 0.07292883849270593, 0.07386018230193635, 0.05654479087142101, 0.068568734200161, 0.06847221063139539, 0.06264734020617475, 0.05780448783878927, 0.07026761449327704, 0.0638332340828571, 0.06305325807937022, 0.06409444328283473, 0.07072853487465651, 0.06137621847203752, 0.0632866313353076, 0.058927711691485335, 0.06567511722588769, 0.07468859841223477],