{"rewards": [2.0, 0.0, 6.0, 1.0, 1.0, 1.0, 2.0, 0.0, 1.0, 0.0, 1.0, 1.0, 0.0, 0.0, 1.0, 0.0, 1.0, 2.0, 2.0, 0.0, 3.0, 2.0, 1.0, 7.0, 5.0, 0.0, 3.0, 2.0, 3.0, 4.0, 2.0, 1.0, 1.0, 2.0, 1.0, 3.0, 0.0, 0.0, 1.0, 1.0, 2.0, 0.0, 1.0, 1.0, 1.0, 1.0, 0.0, 2.0, 1.0, 1.0, 1.0, 1.0, 3.0, 0.0, 2.0, 4.0, 0.0, 4.0, 1.0, 2.0, 3.0, 0.0, 1.0, 2.0, 4.0, 0.0, 3.0, 8.0, 0.0, 2.0, 1.0, 1.0, 2.0, 7.0, 0.0, 1.0, 0.0, 1.0, 5.0, 3.0, 2.0, 0.0, 3.0, 1.0, 0.0, 3.0, 1.0, 2.0, 2.0, 0.0, 1.0, 6.0, 2.0, 4.0, 0.0, 1.0, 10.0, 6.0, 6.0, 5.0, 3.0, 2.0, 0.0, 1.0, 2.0, 2.0, 4.0, 4.0, 3.0, 5.0, 0.0, 5.0, 5.0, 9.0, 5.0, 6.0, 3.0, 1.0, 5.0, 5.0, 6.0, 3.0, 3.0, 3.0, 3.0, 2.0, 2.0, 3.0, 3.0, 4.0, 2.0, 2.0, 2.0, 4.0, 3.0, 0.0, 3.0, 3.0, 3.0, 2.0, 2.0, 6.0, 4.0, 4.0, 3.0, 3.0, 5.0, 8.0, 13.0, 3.0, 3.0, 3.0, 2.0, 2.0, 3.0, 4.0, 4.0, 3.0, 6.0, 5.0, 16.0, 0.0, 5.0, 6.0, 7.0, 3.0, 6.0, 6.0, 5.0, 2.0, 4.0, 7.0, 12.0, 9.0, 5.0, 11.0, 9.0, 8.0, 7.0, 7.0, 4.0, 10.0, 7.0, 3.0, 7.0, 12.0, 14.0, 11.0, 6.0, 11.0, 12.0, 4.0, 12.0, 5.0, 4.0, 6.0, 19.0, 5.0, 10.0, 16.0, 4.0, 23.0, 5.0, 3.0, 5.0, 7.0, 15.0, 8.0, 8.0, 8.0, 12.0, 4.0, 7.0, 6.0, 8.0, 7.0, 7.0, 8.0, 17.0, 7.0, 15.0, 5.0, 8.0, 8.0, 5.0, 3.0, 2.0, 7.0, 9.0, 8.0, 5.0, 12.0, 12.0, 16.0, 15.0, 13.0, 12.0, 14.0, 2.0, 10.0, 11.0, 10.0, 11.0, 9.0, 15.0, 15.0, 11.0, 14.0, 12.0, 7.0, 5.0, 9.0, 11.0, 5.0, 13.0, 11.0, 22.0, 6.0, 9.0, 9.0, 16.0, 17.0, 12.0, 14.0, 10.0, 13.0, 2.0, 5.0, 15.0, 17.0, 14.0, 14.0, 15.0, 17.0, 13.0, 10.0, 17.0, 15.0, 22.0, 8.0, 15.0, 7.0, 19.0, 17.0, 11.0, 14.0, 17.0, 4.0, 13.0, 13.0, 12.0, 6.0, 16.0, 23.0, 19.0, 8.0, 16.0, 13.0, 19.0, 14.0], "losses": [0.0, 0.0, 0.0, 0.0021353898653795294, 0.0020089094734549034, 0.001568566004651868, 0.00194272691045267, 0.001106836244575992, 0.0016079673760676688, 0.0016156838291282566, 0.0013806132914827398, 0.0023890891968441227, 0.002753778739432862, 0.004597010436144839, 0.005317798110607125, 0.008560247063349269, 0.010482883721023326, 0.01076713120657334, 0.008640187698091883, 0.011575850367713112, 0.011600330913334142, 0.009501903219260336, 0.013766844988457287, 0.015268871286810424, 0.014129296202251377, 0.013768738881428388, 0.018246705463776988, 0.016498584134193757, 0.01583371560031427, 0.01852872718417016, 0.020218143538034087, 0.01940459567153, 0.019517374513874742, 0.021252968486805912, 0.02059495485970611, 0.021531835425105925, 0.02099474916662885, 0.016346834892626956, 0.01846274366425219, 0.02052263326604838, 0.016225518089098234, 0.017050837327675154, 0.019636422878217052, 0.016138495039194824, 0.015779213273739504, 0.015443981812348136, 0.017851502928727617, 0.016437229767460253, 0.014184915280083612, 0.016570737271999512, 0.011906717814888586, 0.014458817530308582, 0.01592409793593106, 0.01740866663628064, 0.017986366482606778, 0.015513048756416816, 0.018570289508918196, 0.018959494545155723, 0.021236386055198425, 0.019408223453758505, 0.01621960679368971, 0.020553096704488846, 0.019833217453169846, 0.023791079541710627, 0.027178188503409424, 0.03164933259757434, 0.03329774567223412, 0.03866814802469755, 0.03857576034515518, 0.03953746707691241, 0.04819464143686767, 0.04321524449784694, 0.04044597472562196, 0.04282463597614438, 0.046603164130849015, 0.04901437693573281, 0.045767967367368774, 0.03832403880963758, 0.04414238567774494, 0.041846360025160456, 0.04153861232701536, 0.05156188995084342, 0.04221213333758301, 0.03912579731453055, 0.03698353399860038, 0.044628218315039755, 0.04537286174209303, 0.043733073708387346, 0.045199007146660926, 0.04338294091586867, 0.05162597122721206, 0.05042667634422994, 0.0448318266438256, 0.04720257596390975, 0.0506312341547446, 0.044059355062400475, 0.05121887788470639, 0.06043819130348142, 0.06481424345602763, 0.05409930765521354, 0.067817444802294, 0.0607570429013944, 0.04564370293607653, 0.05370420558432484, 0.042830427153820884, 0.04620576376914228, 0.04549934939132072, 0.048848146566286166, 0.049028129710161406, 0.04933204522368106, 0.05983575995787418, 0.05324190316854843, 0.06012452390277758, 0.07271723751636112, 0.07663628617915029, 0.08495172126931232, 0.08103253339674879, 0.07980952106848144, 0.09524105613029772, 0.09199940692028635, 0.10016884580254555, 0.11633478152547397, 0.11435321470101674, 0.11451276296495715, 0.1149723761585317, 0.11568288994478244, 0.10206546140118287, 0.10736380336456933, 0.10117133473669061, 0.09686438738698921, 0.0933222653536961, 0.09697955797030909, 0.07424659675194158, 0.07913766400058084, 0.08554319581016898, 0.078253237972105, 0.08942363941688326, 0.08206280622957879, 0.08204687772215241, 0.07914040622548485, 0.0736430974720379, 0.05599470467146749, 0.06047291380353272, 0.05986057864376218, 0.061726071374478185, 0.06253871836609418, 0.0618387677210879, 0.04933037660109973, 0.04566012247036515, 0.05286558976434674, 0.040603957972586986, 0.05016671361764206, 0.04864567186020865, 0.045193467254831685, 0.04019432420889505, 0.0408332673687255, 0.03816268975984909, 0.03662640730958103, 0.035405495076322124, 0.038052112020063894, 0.03446994431658971, 0.038143274987968365, 0.03442169844414141, 0.03726943038701494, 0.03372118758219902, 0.035158691202372715, 0.028128061606548727, 0.034692922476679086, 0.027473153408870778, 0.03191938333904112, 0.03268744052732236, 0.03180308057770333, 0.03530740536053131, 0.03726612014856311, 0.035741693004258446, 0.037300975760445, 0.03119495647357932, 0.030161610647337512, 0.03515683465844227, 0.032764887642808896, 0.03651215234854951, 0.03343875137340259, 0.031203455783380483, 0.03827321006946506, 0.028387803677975644, 0.037444536262808976, 0.03694179367982729, 0.0326333705275117, 0.04285381629998828, 0.0450193522902568, 0.03484929373479207, 0.04482313723674689, 0.04179576387590108, 0.040529477317502956, 0.03812435493369162, 0.039717368687325644, 0.039321259461092974, 0.04305971933687045, 0.0371577770291072, 0.0379756844729325, 0.03353105613780094, 0.03934447250410129, 0.039951258132027254, 0.038119114580453486, 0.033921092023625025, 0.0352718019131248, 0.03805238009713914, 0.03578633606949516, 0.03687576825240616, 0.04617227306390271, 0.04459920949277578, 0.04815839639007552, 0.05619714720456233, 0.04430055428086452, 0.049926181701863165, 0.051066689959032775, 0.04983882909967891, 0.058769680420185794, 0.058800656233013664, 0.05799035358553131, 0.05802065201383521, 0.06729490177393177, 0.05916468476619017, 0.05611053915927187, 0.06590345424076874, 0.06310695525902657, 0.05855946243456048, 0.07042888245307544, 0.07208974830345395, 0.0689087194769676, 0.0657393763655957, 0.057872713205689284, 0.06287440186571007, 0.06162020862102509, 0.07090850744918349, 0.0461160142519852, 0.06276476827378456, 0.051334481739434244, 0.043592690244420536, 0.048311572029137786, 0.046712820841098464, 0.04692440967841064, 0.050549563448662044, 0.045246774358957104, 0.046927506362113194, 0.03927809576568909, 0.04835281269903214, 0.03967280577647394, 0.04478986285483608, 0.04092333003857427, 0.04305231988567997, 0.046739054848439994, 0.04049756085617146, 0.04501684861477568, 0.04115546596702188, 0.03700429676765842, 0.036701421898676395, 0.046632420479696485, 0.034315571152163965, 0.04527250274371069, 0.038385365498610415, 0.03908883746634325, 0.035070719255600125, 0.03200984946859803, 0.02788444774163583, 0.03517967897082249, 0.036432063090614974, 0.03209740005841013, 0.04148016873347972, 0.04334152411279637, 0.03815235724242263, 0.036806596021633595, 0.030640912415283557, 0.02582416134861159, 0.03084180859853356, 0.029541595050265417, 0.027945049383624673, 0.03356795712595455, 0.03082479141616764, 0.02964636189676821, 0.026545632194522453, 0.0318601870778073, 0.02632536336940425, 0.024060751814695615, 0.030392201953671046, 0.0260146350576436, 0.030118231939512394, 0.03401621341755664, 0.02999118232757461, 0.03383565742580086, 0.03132153819315135, 0.03752999344680418, 0.044429613511398514, 0.03579516481002601, 0.03546008646662813, 0.04046397600633403, 0.039707891477093575, 0.03927190552004964, 0.03402257874591772, 0.032348595832126896],